1,Corolla
1,Camry
1,Yaris
1,RAV4
1,Highlander
2,Golf
2,Passat
2,Tiguan
2,Polo
2,Touareg
3,Focus
3,Fiesta
3,Mustang
3,Explorer
3,Mondeo
4,Seria 3
4,Seria 5
4,X5
4,X3
4,i4
5,C-Class
5,E-Class
5,S-Class
5,GLC
5,GLE
6,A3
6,A4
6,A6
6,Q5
6,Q7
7,Civic
7,Accord
7,CR-V
7,HR-V
7,Jazz
8,Elantra
8,Sonata
8,Tucson
8,Santa Fe
8,Kona
9,Ceed
9,Sportage
9,Sorento
9,Rio
9,Picanto
10,208
10,308
10,3008
10,508
10,2008
11,Clio
11,Megane
11,Captur
11,Austral
11,Talisman
12,500
12,Panda
12,Tipo
12,Punto
12,Bravo
13,488
13,F8 Tributo
13,Roma
13,Portofino
13,812 Superfast
14,Huracan
14,Aventador
14,Urus
14,Revuelto
14,Gallardo
15,XC60
15,XC90
15,S60
15,V60
15,V90
16,Octavia
16,Superb
16,Kodiaq
16,Scala
16,Karoq
17,Ibiza
17,Leon
17,Ateca
17,Arona
17,Tarraco
18,Qashqai
18,X-Trail
18,Juke
18,Micra
18,Altima
19,Mazda3
19,Mazda6
19,CX-5
19,CX-30
19,CX-9
20,Impreza
20,Forester
20,Outback
20,Legacy
20,XV
21,Malibu
21,Impala
21,Equinox
21,Tahoe
21,Camaro
22,Charger
22,Challenger
22,Durango
22,Journey
22,RAM
23,Wrangler
23,Cherokee
23,Grand Cherokee
23,Compass
23,Renegade
24,Model S
24,Model 3
24,Model X
24,Model Y
24,Cybertruck
25,Encore
25,Enclave
25,Regal
25,LaCrosse
25,Cascada
26,Sierra
26,Yukon
26,Canyon
26,Acadia
26,Savana
27,300
27,Pacifica
27,Voyager
27,200
27,Concorde
28,Giulia
28,Stelvio
28,MiTo
28,159
28,Brera
29,Ghibli
29,Levante
29,Quattroporte
29,MC20
29,GranTurismo
30,DB11
30,Vantage
30,DBX
30,DBS
30,Rapide
1,Corolla
1,Camry
1,Yaris
1,RAV4
1,Highlander
2,Golf
2,Passat
2,Tiguan
2,Polo
2,Touareg
3,Focus
3,Fiesta
3,Mustang
3,Explorer
3,Mondeo
4,Seria 3
4,Seria 5
4,X5
4,X3
4,i4
5,C-Class
5,E-Class
5,S-Class
5,GLC
5,GLE
6,A3
6,A4
6,A6
6,Q5
6,Q7
7,Civic
7,Accord
7,CR-V
7,HR-V
7,Jazz
8,Elantra
8,Sonata
8,Tucson
8,Santa Fe
8,Kona
9,Ceed
9,Sportage
9,Sorento
9,Rio
9,Picanto
10,208
10,308
10,3008
10,508
10,2008
11,Clio
11,Megane
11,Captur
11,Austral
11,Talisman
12,500
12,Panda
12,Tipo
12,Punto
12,Bravo
13,488
13,F8 Tributo
13,Roma
13,Portofino
13,812 Superfast
14,Huracan
14,Aventador
14,Urus
14,Revuelto
14,Gallardo
15,XC60
15,XC90
15,S60
15,V60
15,V90
16,Octavia
16,Superb
16,Kodiaq
16,Scala
16,Karoq
17,Ibiza
17,Leon
17,Ateca
17,Arona
17,Tarraco
18,Qashqai
18,X-Trail
18,Juke
18,Micra
18,Altima
19,Mazda3
19,Mazda6
19,CX-5
19,CX-30
19,CX-9
20,Impreza
20,Forester
20,Outback
20,Legacy
20,XV
21,Malibu
21,Impala
21,Equinox
21,Tahoe
21,Camaro
22,Charger
22,Challenger
22,Durango
22,Journey
22,RAM
23,Wrangler
23,Cherokee
23,Grand Cherokee
23,Compass
23,Renegade
24,Model S
24,Model 3
24,Model X
24,Model Y
24,Cybertruck
25,Encore
25,Enclave
25,Regal
25,LaCrosse
25,Cascada
26,Sierra
26,Yukon
26,Canyon
26,Acadia
26,Savana
27,300
27,Pacifica
27,Voyager
27,200
27,Concorde
28,Giulia
28,Stelvio
28,MiTo
28,159
28,Brera
29,Ghibli
29,Levante
29,Quattroporte
29,MC20
29,GranTurismo
30,DB11
30,Vantage
30,DBX
30,DBS
30,Rapide
